"Date","Tonase","Jenis","Breakdown"
2022-01-31 00:00:00.000,2746000.0,Plan,Total Sales
2022-02-28 00:00:00.000,2791200.0,Plan,Total Sales
2022-03-31 00:00:00.000,2988900.0,Plan,Total Sales
2022-04-30 00:00:00.000,2932200.0,Plan,Total Sales
2022-05-31 00:00:00.000,3100500.0,Plan,Total Sales
2022-06-30 00:00:00.000,3018300.0,Plan,Total Sales
2022-07-31 00:00:00.000,3198600.0,Plan,Total Sales
2022-08-31 00:00:00.000,3231600.0,Plan,Total Sales
2022-09-30 00:00:00.000,3187800.0,Plan,Total Sales
2022-10-31 00:00:00.000,3323900.0,Plan,Total Sales
2022-11-30 00:00:00.000,3248400.0,Plan,Total Sales
2022-12-31 00:00:00.000,3332600.0,Plan,Total Sales
2023-01-31 00:00:00.000,3037700.0,Plan,Total Sales
2023-02-28 00:00:00.000,3079633.33,Plan,Total Sales
2023-03-31 00:00:00.000,3071400.0,Plan,Total Sales
2023-04-30 00:00:00.000,3501000.0,Plan,Total Sales
2023-05-31 00:00:00.000,3662000.0,Plan,Total Sales
2023-06-30 00:00:00.000,3574800.0,Plan,Total Sales
2023-07-31 00:00:00.000,3648600.0,Plan,Total Sales
2023-08-31 00:00:00.000,3652200.0,Plan,Total Sales
2023-09-30 00:00:00.000,3557500.0,Plan,Total Sales
2023-10-31 00:00:00.000,3652800.0,Plan,Total Sales
2023-11-30 00:00:00.000,3546900.0,Plan,Total Sales
2023-12-31 00:00:00.000,3518400.0,Plan,Total Sales
2024-01-31 00:00:00.000,3363899.16,Plan,Total Sales
2024-02-29 00:00:00.000,3443180.11,Plan,Total Sales
2024-03-31 00:00:00.000,3646027.45,Plan,Total Sales
2024-04-30 00:00:00.000,3565953.04,Plan,Total Sales
2024-05-31 00:00:00.000,3667877.34,Plan,Total Sales
2024-06-30 00:00:00.000,3572221.41,Plan,Total Sales
2024-07-31 00:00:00.000,2160800.0,Plan,Total Sales
2024-08-31 00:00:00.000,3678752.37,Plan,Total Sales
2024-09-30 00:00:00.000,3572953.04,Plan,Total Sales
2024-10-31 00:00:00.000,3677352.37,Plan,Total Sales
2024-11-30 00:00:00.000,3589553.04,Plan,Total Sales
2024-12-31 00:00:00.000,3654653.37,Plan,Total Sales
2025-01-31 00:00:00.000,4150375.0,Plan,Total Sales
2022-01-31 00:00:00.000,1675000.0,Plan,Total Sales Domestik
2022-02-28 00:00:00.000,1550000.0,Plan,Total Sales Domestik
2022-03-31 00:00:00.000,1602500.0,Plan,Total Sales Domestik
2022-04-30 00:00:00.000,1620000.0,Plan,Total Sales Domestik
2022-05-31 00:00:00.000,1745000.0,Plan,Total Sales Domestik
2022-06-30 00:00:00.000,1727500.0,Plan,Total Sales Domestik
2022-07-31 00:00:00.000,1780000.0,Plan,Total Sales Domestik
2022-08-31 00:00:00.000,1805000.0,Plan,Total Sales Domestik
2022-09-30 00:00:00.000,1897500.0,Plan,Total Sales Domestik
2022-10-31 00:00:00.000,1930000.0,Plan,Total Sales Domestik
2022-11-30 00:00:00.000,1945000.0,Plan,Total Sales Domestik
2022-12-31 00:00:00.000,1867500.0,Plan,Total Sales Domestik
2023-01-31 00:00:00.000,2724566.67,Plan,Total Sales Domestik
2023-02-28 00:00:00.000,2559566.67,Plan,Total Sales Domestik
2023-03-31 00:00:00.000,2785566.67,Plan,Total Sales Domestik
2023-04-30 00:00:00.000,3232666.67,Plan,Total Sales Domestik
2023-05-31 00:00:00.000,3383666.67,Plan,Total Sales Domestik
2023-06-30 00:00:00.000,3316466.67,Plan,Total Sales Domestik
2023-07-31 00:00:00.000,3420266.67,Plan,Total Sales Domestik
2023-08-31 00:00:00.000,3388866.67,Plan,Total Sales Domestik
2023-09-30 00:00:00.000,3339166.67,Plan,Total Sales Domestik
2023-10-31 00:00:00.000,3424466.67,Plan,Total Sales Domestik
2023-11-30 00:00:00.000,3333566.67,Plan,Total Sales Domestik
2023-12-31 00:00:00.000,3280066.67,Plan,Total Sales Domestik
2024-01-31 00:00:00.000,1877000.0,Plan,Total Sales Domestik
2024-02-29 00:00:00.000,1809000.0,Plan,Total Sales Domestik
2024-03-31 00:00:00.000,2096100.0,Plan,Total Sales Domestik
2024-04-30 00:00:00.000,1850500.0,Plan,Total Sales Domestik
2024-05-31 00:00:00.000,2137400.0,Plan,Total Sales Domestik
2024-06-30 00:00:00.000,1944400.0,Plan,Total Sales Domestik
2024-07-31 00:00:00.000,2160800.0,Plan,Total Sales Domestik
2024-08-31 00:00:00.000,2075800.0,Plan,Total Sales Domestik
2024-09-30 00:00:00.000,2147500.0,Plan,Total Sales Domestik
2024-10-31 00:00:00.000,2124400.0,Plan,Total Sales Domestik
2024-11-30 00:00:00.000,2136600.0,Plan,Total Sales Domestik
2024-12-31 00:00:00.000,2228700.0,Plan,Total Sales Domestik
2025-01-31 00:00:00.000,2711375.0,Plan,Total Sales Domestik
2022-01-31 00:00:00.000,1071000.0,Plan,Total Sales Ekspor
2022-02-28 00:00:00.000,1241200.0,Plan,Total Sales Ekspor
2022-03-31 00:00:00.000,1386400.0,Plan,Total Sales Ekspor
2022-04-30 00:00:00.000,1312200.0,Plan,Total Sales Ekspor
2022-05-31 00:00:00.000,1355500.0,Plan,Total Sales Ekspor
2022-06-30 00:00:00.000,1290800.0,Plan,Total Sales Ekspor
2022-07-31 00:00:00.000,1418600.0,Plan,Total Sales Ekspor
2022-08-31 00:00:00.000,1426600.0,Plan,Total Sales Ekspor
2022-09-30 00:00:00.000,1290300.0,Plan,Total Sales Ekspor
2022-10-31 00:00:00.000,1393900.0,Plan,Total Sales Ekspor
2022-11-30 00:00:00.000,1303400.0,Plan,Total Sales Ekspor
2022-12-31 00:00:00.000,1465100.0,Plan,Total Sales Ekspor
2023-01-31 00:00:00.000,313133.33,Plan,Total Sales Ekspor
2023-02-28 00:00:00.000,520066.66,Plan,Total Sales Ekspor
2023-03-31 00:00:00.000,285833.33,Plan,Total Sales Ekspor
2023-04-30 00:00:00.000,268333.33,Plan,Total Sales Ekspor
2023-05-31 00:00:00.000,278333.33,Plan,Total Sales Ekspor
2023-06-30 00:00:00.000,258333.33,Plan,Total Sales Ekspor
2023-07-31 00:00:00.000,228333.33,Plan,Total Sales Ekspor
2023-08-31 00:00:00.000,263333.33,Plan,Total Sales Ekspor
2023-09-30 00:00:00.000,218333.33,Plan,Total Sales Ekspor
2023-10-31 00:00:00.000,228333.33,Plan,Total Sales Ekspor
2023-11-30 00:00:00.000,213333.33,Plan,Total Sales Ekspor
2023-12-31 00:00:00.000,238333.33,Plan,Total Sales Ekspor
2024-01-31 00:00:00.000,1486899.16,Plan,Total Sales Ekspor
2024-02-29 00:00:00.000,1634180.11,Plan,Total Sales Ekspor
2024-03-31 00:00:00.000,1549927.45,Plan,Total Sales Ekspor
2024-04-30 00:00:00.000,1715453.04,Plan,Total Sales Ekspor
2024-05-31 00:00:00.000,1530477.34,Plan,Total Sales Ekspor
2024-06-30 00:00:00.000,1627821.41,Plan,Total Sales Ekspor
2024-07-31 00:00:00.000,0.0,Plan,Total Sales Ekspor
2024-08-31 00:00:00.000,1602952.37,Plan,Total Sales Ekspor
2024-09-30 00:00:00.000,1425453.04,Plan,Total Sales Ekspor
2024-10-31 00:00:00.000,1552952.37,Plan,Total Sales Ekspor
2024-11-30 00:00:00.000,1452953.04,Plan,Total Sales Ekspor
2024-12-31 00:00:00.000,1425953.37,Plan,Total Sales Ekspor
2025-01-31 00:00:00.000,1439000.0,Plan,Total Sales Ekspor
2022-01-31 00:00:00.000,1032881.16,Plan,Avg. Selling Price
2022-02-28 00:00:00.000,955390.57,Plan,Avg. Selling Price
2022-03-31 00:00:00.000,944559.88,Plan,Avg. Selling Price
2022-04-30 00:00:00.000,963020.48,Plan,Avg. Selling Price
2022-05-31 00:00:00.000,894291.46,Plan,Avg. Selling Price
2022-06-30 00:00:00.000,905158.1,Plan,Avg. Selling Price
2022-07-31 00:00:00.000,905091.65,Plan,Avg. Selling Price
2022-08-31 00:00:00.000,831885.26,Plan,Avg. Selling Price
2022-09-30 00:00:00.000,821670.32,Plan,Avg. Selling Price
2022-10-31 00:00:00.000,799304.83,Plan,Avg. Selling Price
2022-11-30 00:00:00.000,814482.31,Plan,Avg. Selling Price
2022-12-31 00:00:00.000,810796.63,Plan,Avg. Selling Price
2023-01-31 00:00:00.000,987390.43,Plan,Avg. Selling Price
2023-02-28 00:00:00.000,981845.88,Plan,Avg. Selling Price
2023-03-31 00:00:00.000,984145.33,Plan,Avg. Selling Price
2023-04-30 00:00:00.000,1015172.37,Plan,Avg. Selling Price
2023-05-31 00:00:00.000,932278.69,Plan,Avg. Selling Price
2023-06-30 00:00:00.000,921996.53,Plan,Avg. Selling Price
2023-07-31 00:00:00.000,936186.32,Plan,Avg. Selling Price
2023-08-31 00:00:00.000,948247.12,Plan,Avg. Selling Price
2023-09-30 00:00:00.000,923061.86,Plan,Avg. Selling Price
2023-10-31 00:00:00.000,929650.15,Plan,Avg. Selling Price
2023-11-30 00:00:00.000,921609.82,Plan,Avg. Selling Price
2023-12-31 00:00:00.000,936870.55,Plan,Avg. Selling Price
2024-01-31 00:00:00.000,973002.94,Plan,Avg. Selling Price
2024-02-29 00:00:00.000,984859.83,Plan,Avg. Selling Price
2024-03-31 00:00:00.000,958731.28,Plan,Avg. Selling Price
2024-04-30 00:00:00.000,985536.88,Plan,Avg. Selling Price
2024-05-31 00:00:00.000,955578.61,Plan,Avg. Selling Price
2024-06-30 00:00:00.000,972380.84,Plan,Avg. Selling Price
2024-07-31 00:00:00.000,971918.51,Plan,Avg. Selling Price
2024-08-31 00:00:00.000,983539.31,Plan,Avg. Selling Price
2024-09-30 00:00:00.000,968801.03,Plan,Avg. Selling Price
2024-10-31 00:00:00.000,1061609.51,Plan,Avg. Selling Price
2024-11-30 00:00:00.000,1061419.7,Plan,Avg. Selling Price
2024-12-31 00:00:00.000,1059686.51,Plan,Avg. Selling Price
2025-01-31 00:00:00.000,907520.22,Plan,Avg. Selling Price
2022-01-31 00:00:00.000,862822.48,Plan,Avg. Selling Price Domestic
2022-02-28 00:00:00.000,812347.5,Plan,Avg. Selling Price Domestic
2022-03-31 00:00:00.000,782476.35,Plan,Avg. Selling Price Domestic
2022-04-30 00:00:00.000,809256.54,Plan,Avg. Selling Price Domestic
2022-05-31 00:00:00.000,788708.38,Plan,Avg. Selling Price Domestic
2022-06-30 00:00:00.000,790005.4,Plan,Avg. Selling Price Domestic
2022-07-31 00:00:00.000,788871.48,Plan,Avg. Selling Price Domestic
2022-08-31 00:00:00.000,754350.06,Plan,Avg. Selling Price Domestic
2022-09-30 00:00:00.000,751087.38,Plan,Avg. Selling Price Domestic
2022-10-31 00:00:00.000,712328.57,Plan,Avg. Selling Price Domestic
2022-11-30 00:00:00.000,739053.77,Plan,Avg. Selling Price Domestic
2022-12-31 00:00:00.000,721358.6,Plan,Avg. Selling Price Domestic
2023-01-31 00:00:00.000,848451.29,Plan,Avg. Selling Price Domestic
2023-02-28 00:00:00.000,842550.33,Plan,Avg. Selling Price Domestic
2023-03-31 00:00:00.000,842045.63,Plan,Avg. Selling Price Domestic
2023-04-30 00:00:00.000,887578.0,Plan,Avg. Selling Price Domestic
2023-05-31 00:00:00.000,814734.56,Plan,Avg. Selling Price Domestic
2023-06-30 00:00:00.000,814944.2,Plan,Avg. Selling Price Domestic
2023-07-31 00:00:00.000,824662.89,Plan,Avg. Selling Price Domestic
2023-08-31 00:00:00.000,815504.04,Plan,Avg. Selling Price Domestic
2023-09-30 00:00:00.000,816462.13,Plan,Avg. Selling Price Domestic
2023-10-31 00:00:00.000,819621.58,Plan,Avg. Selling Price Domestic
2023-11-30 00:00:00.000,819919.38,Plan,Avg. Selling Price Domestic
2023-12-31 00:00:00.000,817919.31,Plan,Avg. Selling Price Domestic
2024-01-31 00:00:00.000,749950.51,Plan,Avg. Selling Price Domestic
2024-02-29 00:00:00.000,741469.88,Plan,Avg. Selling Price Domestic
2024-03-31 00:00:00.000,757569.35,Plan,Avg. Selling Price Domestic
2024-04-30 00:00:00.000,756792.54,Plan,Avg. Selling Price Domestic
2024-05-31 00:00:00.000,757943.58,Plan,Avg. Selling Price Domestic
2024-06-30 00:00:00.000,755760.25,Plan,Avg. Selling Price Domestic
2024-07-31 00:00:00.000,759657.34,Plan,Avg. Selling Price Domestic
2024-08-31 00:00:00.000,761858.9,Plan,Avg. Selling Price Domestic
2024-09-30 00:00:00.000,757711.8,Plan,Avg. Selling Price Domestic
2024-10-31 00:00:00.000,1021076.95,Plan,Avg. Selling Price Domestic
2024-11-30 00:00:00.000,1021754.97,Plan,Avg. Selling Price Domestic
2024-12-31 00:00:00.000,1027802.56,Plan,Avg. Selling Price Domestic
2025-01-31 00:00:00.000,801887.09,Plan,Avg. Selling Price Domestic
2022-01-31 00:00:00.000,1298845.96,Plan,Avg. Selling Price Export
2022-02-28 00:00:00.000,1134021.55,Plan,Avg. Selling Price Export
2022-03-31 00:00:00.000,1131907.59,Plan,Avg. Selling Price Export
2022-04-30 00:00:00.000,1152852.5,Plan,Avg. Selling Price Export
2022-05-31 00:00:00.000,1030213.61,Plan,Avg. Selling Price Export
2022-06-30 00:00:00.000,1059268.95,Plan,Avg. Selling Price Export
2022-07-31 00:00:00.000,1050919.85,Plan,Avg. Selling Price Export
2022-08-31 00:00:00.000,929986.36,Plan,Avg. Selling Price Export
2022-09-30 00:00:00.000,925468.75,Plan,Avg. Selling Price Export
2022-10-31 00:00:00.000,919732.55,Plan,Avg. Selling Price Export
2022-11-30 00:00:00.000,927040.62,Plan,Avg. Selling Price Export
2022-12-31 00:00:00.000,924799.45,Plan,Avg. Selling Price Export
2023-01-31 00:00:00.000,2196297.02,Plan,Avg. Selling Price Export
2023-02-28 00:00:00.000,2352963.35,Plan,Avg. Selling Price Export
2023-03-31 00:00:00.000,2368967.05,Plan,Avg. Selling Price Export
2023-04-30 00:00:00.000,2552327.84,Plan,Avg. Selling Price Export
2023-05-31 00:00:00.000,2361249.31,Plan,Avg. Selling Price Export
2023-06-30 00:00:00.000,2296327.35,Plan,Avg. Selling Price Export
2023-07-31 00:00:00.000,2606725.8,Plan,Avg. Selling Price Export
2023-08-31 00:00:00.000,2656533.03,Plan,Avg. Selling Price Export
2023-09-30 00:00:00.000,2553386.7,Plan,Avg. Selling Price Export
2023-10-31 00:00:00.000,2579821.61,Plan,Avg. Selling Price Export
2023-11-30 00:00:00.000,2510634.08,Plan,Avg. Selling Price Export
2023-12-31 00:00:00.000,2573939.2,Plan,Avg. Selling Price Export
2024-01-31 00:00:00.000,1254575.12,Plan,Avg. Selling Price Export
2024-02-29 00:00:00.000,1254286.93,Plan,Avg. Selling Price Export
2024-03-31 00:00:00.000,1230779.84,Plan,Avg. Selling Price Export
2024-04-30 00:00:00.000,1232288.84,Plan,Avg. Selling Price Export
2024-05-31 00:00:00.000,1231587.35,Plan,Avg. Selling Price Export
2024-06-30 00:00:00.000,1231129.78,Plan,Avg. Selling Price Export
2024-07-31 00:00:00.000,1273569.8,Plan,Avg. Selling Price Export
2024-08-31 00:00:00.000,1270612.22,Plan,Avg. Selling Price Export
2024-09-30 00:00:00.000,1286815.08,Plan,Avg. Selling Price Export
2024-10-31 00:00:00.000,1117057.04,Plan,Avg. Selling Price Export
2024-11-30 00:00:00.000,1119747.58,Plan,Avg. Selling Price Export
2024-12-31 00:00:00.000,1109519.66,Plan,Avg. Selling Price Export
2025-01-31 00:00:00.000,1106555.0,Plan,Avg. Selling Price Export
2022-01-31 00:00:00.000,2091660.1,Actual,Total Sales
2022-02-28 00:00:00.000,2056355.83,Actual,Total Sales
2022-03-31 00:00:00.000,2818667.63,Actual,Total Sales
2022-04-30 00:00:00.000,2728947.26,Actual,Total Sales
2022-05-31 00:00:00.000,2654839.01,Actual,Total Sales
2022-06-30 00:00:00.000,2273833.86,Actual,Total Sales
2022-07-31 00:00:00.000,2605831.36,Actual,Total Sales
2022-08-31 00:00:00.000,2963096.08,Actual,Total Sales
2022-09-30 00:00:00.000,3312228.82,Actual,Total Sales
2022-10-31 00:00:00.000,2960079.2,Actual,Total Sales
2022-11-30 00:00:00.000,2505290.98,Actual,Total Sales
2022-12-31 00:00:00.000,2682803.66,Actual,Total Sales
2023-01-31 00:00:00.000,3043288.96,Actual,Total Sales
2023-02-28 00:00:00.000,3055737.3,Actual,Total Sales
2023-03-31 00:00:00.000,3352099.87,Actual,Total Sales
2023-04-30 00:00:00.000,2998080.14,Actual,Total Sales
2023-05-31 00:00:00.000,2511115.99,Actual,Total Sales
2023-06-30 00:00:00.000,3116288.53,Actual,Total Sales
2023-07-31 00:00:00.000,3293657.72,Actual,Total Sales
2023-08-31 00:00:00.000,3048437.67,Actual,Total Sales
2023-09-30 00:00:00.000,3233981.37,Actual,Total Sales
2023-10-31 00:00:00.000,3354324.99,Actual,Total Sales
2023-11-30 00:00:00.000,3213940.87,Actual,Total Sales
2023-12-31 00:00:00.000,3403811.56,Actual,Total Sales
2024-01-31 00:00:00.000,3363549.28,Actual,Total Sales
2024-02-29 00:00:00.000,3066871.59,Actual,Total Sales
2024-03-31 00:00:00.000,3216894.33,Actual,Total Sales
2024-04-30 00:00:00.000,3280380.33,Actual,Total Sales
2024-05-31 00:00:00.000,3633723.23,Actual,Total Sales
2024-06-30 00:00:00.000,3493225.6,Actual,Total Sales
2024-07-31 00:00:00.000,1763647.2,Actual,Total Sales
2024-08-31 00:00:00.000,3723244.55,Actual,Total Sales
2024-09-30 00:00:00.000,3717905.91,Actual,Total Sales
2024-10-31 00:00:00.000,3945523.85,Actual,Total Sales
2024-11-30 00:00:00.000,3813305.36,Actual,Total Sales
2024-12-31 00:00:00.000,3854621.78,Actual,Total Sales
2025-01-31 00:00:00.000,3123760.9,Actual,Total Sales
2022-01-31 00:00:00.000,2324473.55,Forecast,Total Sales
2022-02-28 00:00:00.000,2389633.11,Forecast,Total Sales
2022-03-31 00:00:00.000,2763747.64,Forecast,Total Sales
2022-04-30 00:00:00.000,2656953.27,Forecast,Total Sales
2022-05-31 00:00:00.000,2578057.82,Forecast,Total Sales
2022-06-30 00:00:00.000,2604880.68,Forecast,Total Sales
2022-07-31 00:00:00.000,2227870.95,Forecast,Total Sales
2022-08-31 00:00:00.000,2867612.57,Forecast,Total Sales
2022-09-30 00:00:00.000,3035381.25,Forecast,Total Sales
2022-10-31 00:00:00.000,3022867.51,Forecast,Total Sales
2022-11-30 00:00:00.000,2803587.46,Forecast,Total Sales
2022-12-31 00:00:00.000,2923908.65,Forecast,Total Sales
2023-01-31 00:00:00.000,2725680.78,Forecast,Total Sales
2023-02-28 00:00:00.000,2760949.16,Forecast,Total Sales
2023-03-31 00:00:00.000,3147428.72,Forecast,Total Sales
2023-04-30 00:00:00.000,3021965.41,Forecast,Total Sales
2023-05-31 00:00:00.000,2950390.69,Forecast,Total Sales
2023-06-30 00:00:00.000,2967740.56,Forecast,Total Sales
2023-07-31 00:00:00.000,2617458.31,Forecast,Total Sales
2023-08-31 00:00:00.000,3260591.79,Forecast,Total Sales
2023-09-30 00:00:00.000,3414897.08,Forecast,Total Sales
2023-10-31 00:00:00.000,3409169.67,Forecast,Total Sales
2023-11-30 00:00:00.000,3180048.72,Forecast,Total Sales
2023-12-31 00:00:00.000,3312802.09,Forecast,Total Sales
2024-01-31 00:00:00.000,3126928.01,Forecast,Total Sales
2024-02-29 00:00:00.000,3084506.61,Forecast,Total Sales
2024-03-31 00:00:00.000,3468427.09,Forecast,Total Sales
2024-04-30 00:00:00.000,3363554.81,Forecast,Total Sales
2024-05-31 00:00:00.000,3306140.63,Forecast,Total Sales
2024-06-30 00:00:00.000,3317171.03,Forecast,Total Sales
2024-07-31 00:00:00.000,2922651.51,Forecast,Total Sales
2024-08-31 00:00:00.000,3586090.64,Forecast,Total Sales
2024-09-30 00:00:00.000,3748455.37,Forecast,Total Sales
2024-10-31 00:00:00.000,3754795.36,Forecast,Total Sales
2024-11-30 00:00:00.000,3523837.21,Forecast,Total Sales
2024-12-31 00:00:00.000,3651435.33,Forecast,Total Sales
2025-01-31 00:00:00.000,3452519.64,Forecast,Total Sales
2025-02-01 00:00:00.000,3379121.43,Forecast,Total Sales
2025-03-01 00:00:00.000,3408956.52,Forecast,Total Sales
2025-04-01 00:00:00.000,3787254.6,Forecast,Total Sales
2025-05-01 00:00:00.000,3703189.27,Forecast,Total Sales
2025-06-01 00:00:00.000,3661546.52,Forecast,Total Sales
2025-07-01 00:00:00.000,3668759.83,Forecast,Total Sales
2025-08-01 00:00:00.000,3231484.15,Forecast,Total Sales
2025-09-01 00:00:00.000,3909971.57,Forecast,Total Sales
2025-10-01 00:00:00.000,4079943.8,Forecast,Total Sales
2025-11-01 00:00:00.000,4098804.48,Forecast,Total Sales
2025-12-01 00:00:00.000,3868627.61,Forecast,Total Sales
2026-01-01 00:00:00.000,3990857.19,Forecast,Total Sales
2022-01-31 00:00:00.000,1746950.61,Actual,Total Sales Domestik
2022-02-28 00:00:00.000,1465499.84,Actual,Total Sales Domestik
2022-03-31 00:00:00.000,1468489.08,Actual,Total Sales Domestik
2022-04-30 00:00:00.000,1701725.78,Actual,Total Sales Domestik
2022-05-31 00:00:00.000,1629473.03,Actual,Total Sales Domestik
2022-06-30 00:00:00.000,1449262.88,Actual,Total Sales Domestik
2022-07-31 00:00:00.000,1670935.1,Actual,Total Sales Domestik
2022-08-31 00:00:00.000,1684074.34,Actual,Total Sales Domestik
2022-09-30 00:00:00.000,1647720.9,Actual,Total Sales Domestik
2022-10-31 00:00:00.000,1460950.2,Actual,Total Sales Domestik
2022-11-30 00:00:00.000,1569057.98,Actual,Total Sales Domestik
2022-12-31 00:00:00.000,1678172.66,Actual,Total Sales Domestik
2023-01-31 00:00:00.000,1748073.9,Actual,Total Sales Domestik
2023-02-28 00:00:00.000,1753328.56,Actual,Total Sales Domestik
2023-03-31 00:00:00.000,1655423.69,Actual,Total Sales Domestik
2023-04-30 00:00:00.000,1574570.27,Actual,Total Sales Domestik
2023-05-31 00:00:00.000,1749562.67,Actual,Total Sales Domestik
2023-06-30 00:00:00.000,1848033.88,Actual,Total Sales Domestik
2023-07-31 00:00:00.000,1755377.36,Actual,Total Sales Domestik
2023-08-31 00:00:00.000,1822898.67,Actual,Total Sales Domestik
2023-09-30 00:00:00.000,1848464.37,Actual,Total Sales Domestik
2023-10-31 00:00:00.000,1984942.99,Actual,Total Sales Domestik
2023-11-30 00:00:00.000,1915735.87,Actual,Total Sales Domestik
2023-12-31 00:00:00.000,1747544.56,Actual,Total Sales Domestik
2024-01-31 00:00:00.000,2275939.28,Actual,Total Sales Domestik
2024-02-29 00:00:00.000,1678156.59,Actual,Total Sales Domestik
2024-03-31 00:00:00.000,1902777.33,Actual,Total Sales Domestik
2024-04-30 00:00:00.000,2077174.33,Actual,Total Sales Domestik
2024-05-31 00:00:00.000,1768318.23,Actual,Total Sales Domestik
2024-06-30 00:00:00.000,1867122.6,Actual,Total Sales Domestik
2024-07-31 00:00:00.000,1763647.2,Actual,Total Sales Domestik
2024-08-31 00:00:00.000,1754440.46,Actual,Total Sales Domestik
2024-09-30 00:00:00.000,1895183.0,Actual,Total Sales Domestik
2024-10-31 00:00:00.000,1948631.85,Actual,Total Sales Domestik
2024-11-30 00:00:00.000,1805574.36,Actual,Total Sales Domestik
2024-12-31 00:00:00.000,1898486.78,Actual,Total Sales Domestik
2025-01-31 00:00:00.000,1663335.9,Actual,Total Sales Domestik
2022-01-31 00:00:00.000,1670585.99,Forecast,Total Sales Domestik
2022-02-28 00:00:00.000,1506151.31,Forecast,Total Sales Domestik
2022-03-31 00:00:00.000,1548765.1,Forecast,Total Sales Domestik
2022-04-30 00:00:00.000,1627664.03,Forecast,Total Sales Domestik
2022-05-31 00:00:00.000,1625262.35,Forecast,Total Sales Domestik
2022-06-30 00:00:00.000,1573040.08,Forecast,Total Sales Domestik
2022-07-31 00:00:00.000,1560697.16,Forecast,Total Sales Domestik
2022-08-31 00:00:00.000,1620583.98,Forecast,Total Sales Domestik
2022-09-30 00:00:00.000,1609638.34,Forecast,Total Sales Domestik
2022-10-31 00:00:00.000,1597534.31,Forecast,Total Sales Domestik
2022-11-30 00:00:00.000,1632274.05,Forecast,Total Sales Domestik
2022-12-31 00:00:00.000,1626760.68,Forecast,Total Sales Domestik
2023-01-31 00:00:00.000,1790160.56,Forecast,Total Sales Domestik
2023-02-28 00:00:00.000,1667260.76,Forecast,Total Sales Domestik
2023-03-31 00:00:00.000,1660988.4,Forecast,Total Sales Domestik
2023-04-30 00:00:00.000,1723479.86,Forecast,Total Sales Domestik
2023-05-31 00:00:00.000,1737794.53,Forecast,Total Sales Domestik
2023-06-30 00:00:00.000,1749475.53,Forecast,Total Sales Domestik
2023-07-31 00:00:00.000,1765550.37,Forecast,Total Sales Domestik
2023-08-31 00:00:00.000,1788319.65,Forecast,Total Sales Domestik
2023-09-30 00:00:00.000,1876793.82,Forecast,Total Sales Domestik
2023-10-31 00:00:00.000,1946299.38,Forecast,Total Sales Domestik
2023-11-30 00:00:00.000,1858700.72,Forecast,Total Sales Domestik
2023-12-31 00:00:00.000,1884756.36,Forecast,Total Sales Domestik
2024-01-31 00:00:00.000,2060423.36,Forecast,Total Sales Domestik
2024-02-29 00:00:00.000,1831485.2,Forecast,Total Sales Domestik
2024-03-31 00:00:00.000,1869964.56,Forecast,Total Sales Domestik
2024-04-30 00:00:00.000,1989924.09,Forecast,Total Sales Domestik
2024-05-31 00:00:00.000,1843770.53,Forecast,Total Sales Domestik
2024-06-30 00:00:00.000,1851153.49,Forecast,Total Sales Domestik
2024-07-31 00:00:00.000,1878027.77,Forecast,Total Sales Domestik
2024-08-31 00:00:00.000,1847220.46,Forecast,Total Sales Domestik
2024-09-30 00:00:00.000,1847084.56,Forecast,Total Sales Domestik
2024-10-31 00:00:00.000,1801268.92,Forecast,Total Sales Domestik
2024-11-30 00:00:00.000,1787814.25,Forecast,Total Sales Domestik
2024-12-31 00:00:00.000,1812467.44,Forecast,Total Sales Domestik
2025-01-31 00:00:00.000,1805578.51,Forecast,Total Sales Domestik
2025-02-01 00:00:00.000,1824649.71,Forecast,Total Sales Domestik
2025-03-01 00:00:00.000,1666522.18,Forecast,Total Sales Domestik
2025-04-01 00:00:00.000,1743838.33,Forecast,Total Sales Domestik
2025-05-01 00:00:00.000,1696162.11,Forecast,Total Sales Domestik
2025-06-01 00:00:00.000,1617194.67,Forecast,Total Sales Domestik
2025-07-01 00:00:00.000,1718830.72,Forecast,Total Sales Domestik
2025-08-01 00:00:00.000,1614290.62,Forecast,Total Sales Domestik
2025-09-01 00:00:00.000,1613172.15,Forecast,Total Sales Domestik
2025-10-01 00:00:00.000,1671364.16,Forecast,Total Sales Domestik
2025-11-01 00:00:00.000,1627763.76,Forecast,Total Sales Domestik
2025-12-01 00:00:00.000,1563317.32,Forecast,Total Sales Domestik
2026-01-01 00:00:00.000,1530873.6,Forecast,Total Sales Domestik
2022-01-31 00:00:00.000,344709.49,Actual,Total Sales Ekspor
2022-02-28 00:00:00.000,590855.99,Actual,Total Sales Ekspor
2022-03-31 00:00:00.000,1350178.55,Actual,Total Sales Ekspor
2022-04-30 00:00:00.000,1027221.48,Actual,Total Sales Ekspor
2022-05-31 00:00:00.000,1025365.98,Actual,Total Sales Ekspor
2022-06-30 00:00:00.000,824570.98,Actual,Total Sales Ekspor
2022-07-31 00:00:00.000,934896.26,Actual,Total Sales Ekspor
2022-08-31 00:00:00.000,1279021.74,Actual,Total Sales Ekspor
2022-09-30 00:00:00.000,1664507.92,Actual,Total Sales Ekspor
2022-10-31 00:00:00.000,1499129.0,Actual,Total Sales Ekspor
2022-11-30 00:00:00.000,936233.0,Actual,Total Sales Ekspor
2022-12-31 00:00:00.000,1004631.0,Actual,Total Sales Ekspor
2023-01-31 00:00:00.000,1295215.06,Actual,Total Sales Ekspor
2023-02-28 00:00:00.000,1302408.74,Actual,Total Sales Ekspor
2023-03-31 00:00:00.000,1696676.18,Actual,Total Sales Ekspor
2023-04-30 00:00:00.000,1423509.87,Actual,Total Sales Ekspor
2023-05-31 00:00:00.000,761553.32,Actual,Total Sales Ekspor
2023-06-30 00:00:00.000,1268254.65,Actual,Total Sales Ekspor
2023-07-31 00:00:00.000,1538280.36,Actual,Total Sales Ekspor
2023-08-31 00:00:00.000,1225539.0,Actual,Total Sales Ekspor
2023-09-30 00:00:00.000,1385517.0,Actual,Total Sales Ekspor
2023-10-31 00:00:00.000,1369382.0,Actual,Total Sales Ekspor
2023-11-30 00:00:00.000,1298205.0,Actual,Total Sales Ekspor
2023-12-31 00:00:00.000,1656267.0,Actual,Total Sales Ekspor
2024-01-31 00:00:00.000,1087610.0,Actual,Total Sales Ekspor
2024-02-29 00:00:00.000,1388715.0,Actual,Total Sales Ekspor
2024-03-31 00:00:00.000,1314117.0,Actual,Total Sales Ekspor
2024-04-30 00:00:00.000,1203206.0,Actual,Total Sales Ekspor
2024-05-31 00:00:00.000,1865405.0,Actual,Total Sales Ekspor
2024-06-30 00:00:00.000,1626103.0,Actual,Total Sales Ekspor
2024-08-31 00:00:00.000,1968804.09,Actual,Total Sales Ekspor
2024-09-30 00:00:00.000,1822722.91,Actual,Total Sales Ekspor
2024-10-31 00:00:00.000,1996892.0,Actual,Total Sales Ekspor
2024-11-30 00:00:00.000,2007731.0,Actual,Total Sales Ekspor
2024-12-31 00:00:00.000,1956135.0,Actual,Total Sales Ekspor
2025-01-31 00:00:00.000,1460425.0,Actual,Total Sales Ekspor
2022-01-31 00:00:00.000,808341.99,Forecast,Total Sales Ekspor
2022-02-28 00:00:00.000,875879.01,Forecast,Total Sales Ekspor
2022-03-31 00:00:00.000,969773.63,Forecast,Total Sales Ekspor
2022-04-30 00:00:00.000,948977.17,Forecast,Total Sales Ekspor
2022-05-31 00:00:00.000,968613.43,Forecast,Total Sales Ekspor
2022-06-30 00:00:00.000,988535.94,Forecast,Total Sales Ekspor
2022-07-31 00:00:00.000,1044455.49,Forecast,Total Sales Ekspor
2022-08-31 00:00:00.000,1075231.56,Forecast,Total Sales Ekspor
2022-09-30 00:00:00.000,1157045.76,Forecast,Total Sales Ekspor
2022-10-31 00:00:00.000,1164534.56,Forecast,Total Sales Ekspor
2022-11-30 00:00:00.000,1133626.68,Forecast,Total Sales Ekspor
2022-12-31 00:00:00.000,1203777.4,Forecast,Total Sales Ekspor
2023-01-31 00:00:00.000,1135261.23,Forecast,Total Sales Ekspor
2023-02-28 00:00:00.000,1232573.29,Forecast,Total Sales Ekspor
2023-03-31 00:00:00.000,1329646.73,Forecast,Total Sales Ekspor
2023-04-30 00:00:00.000,1283923.34,Forecast,Total Sales Ekspor
2023-05-31 00:00:00.000,1273074.13,Forecast,Total Sales Ekspor
2023-06-30 00:00:00.000,1328450.02,Forecast,Total Sales Ekspor
2023-07-31 00:00:00.000,1341329.44,Forecast,Total Sales Ekspor
2023-08-31 00:00:00.000,1373625.62,Forecast,Total Sales Ekspor
2023-09-30 00:00:00.000,1425326.34,Forecast,Total Sales Ekspor
2023-10-31 00:00:00.000,1436050.53,Forecast,Total Sales Ekspor
2023-11-30 00:00:00.000,1421593.84,Forecast,Total Sales Ekspor
2023-12-31 00:00:00.000,1468873.6,Forecast,Total Sales Ekspor
2024-01-31 00:00:00.000,1408461.28,Forecast,Total Sales Ekspor
2024-02-29 00:00:00.000,1501161.96,Forecast,Total Sales Ekspor
2024-03-31 00:00:00.000,1592914.32,Forecast,Total Sales Ekspor
2024-04-30 00:00:00.000,1568185.23,Forecast,Total Sales Ekspor
2024-05-31 00:00:00.000,1615287.02,Forecast,Total Sales Ekspor
2024-06-30 00:00:00.000,1615042.34,Forecast,Total Sales Ekspor
2024-08-31 00:00:00.000,1731561.58,Forecast,Total Sales Ekspor
2024-09-30 00:00:00.000,1767023.88,Forecast,Total Sales Ekspor
2024-10-31 00:00:00.000,1800997.2,Forecast,Total Sales Ekspor
2024-11-30 00:00:00.000,1791621.94,Forecast,Total Sales Ekspor
2024-12-31 00:00:00.000,1830139.0,Forecast,Total Sales Ekspor
2025-01-31 00:00:00.000,1788544.77,Forecast,Total Sales Ekspor
2025-02-01 00:00:00.000,1770745.57,Forecast,Total Sales Ekspor
2025-03-01 00:00:00.000,1864618.25,Forecast,Total Sales Ekspor
2025-04-01 00:00:00.000,1937093.56,Forecast,Total Sales Ekspor
2025-05-01 00:00:00.000,1915218.58,Forecast,Total Sales Ekspor
2025-06-01 00:00:00.000,1921942.77,Forecast,Total Sales Ekspor
2025-07-01 00:00:00.000,1939343.13,Forecast,Total Sales Ekspor
2025-08-01 00:00:00.000,1995732.44,Forecast,Total Sales Ekspor
2025-09-01 00:00:00.000,2013333.52,Forecast,Total Sales Ekspor
2025-10-01 00:00:00.000,2044098.42,Forecast,Total Sales Ekspor
2025-11-01 00:00:00.000,2100758.64,Forecast,Total Sales Ekspor
2025-12-01 00:00:00.000,2075155.71,Forecast,Total Sales Ekspor
2026-01-01 00:00:00.000,2134602.13,Forecast,Total Sales Ekspor
2022-01-31 00:00:00.000,930067.3,Actual,Avg. Selling Price
2022-02-28 00:00:00.000,1046655.14,Actual,Avg. Selling Price
2022-03-31 00:00:00.000,1412002.98,Actual,Avg. Selling Price
2022-04-30 00:00:00.000,1406561.92,Actual,Avg. Selling Price
2022-05-31 00:00:00.000,1279439.86,Actual,Avg. Selling Price
2022-06-30 00:00:00.000,1260877.38,Actual,Avg. Selling Price
2022-07-31 00:00:00.000,1436669.88,Actual,Avg. Selling Price
2022-08-31 00:00:00.000,1473301.7,Actual,Avg. Selling Price
2022-09-30 00:00:00.000,1323887.35,Actual,Avg. Selling Price
2022-10-31 00:00:00.000,1619053.21,Actual,Avg. Selling Price
2022-11-30 00:00:00.000,1336206.34,Actual,Avg. Selling Price
2022-12-31 00:00:00.000,1224510.12,Actual,Avg. Selling Price
2023-01-31 00:00:00.000,1230003.11,Actual,Avg. Selling Price
2023-02-28 00:00:00.000,1010886.24,Actual,Avg. Selling Price
2023-03-31 00:00:00.000,1094070.92,Actual,Avg. Selling Price
2023-04-30 00:00:00.000,1074880.03,Actual,Avg. Selling Price
2023-05-31 00:00:00.000,961536.78,Actual,Avg. Selling Price
2023-06-30 00:00:00.000,998931.49,Actual,Avg. Selling Price
2023-07-31 00:00:00.000,881872.37,Actual,Avg. Selling Price
2023-08-31 00:00:00.000,911521.25,Actual,Avg. Selling Price
2023-09-30 00:00:00.000,946189.63,Actual,Avg. Selling Price
2023-10-31 00:00:00.000,990051.57,Actual,Avg. Selling Price
2023-11-30 00:00:00.000,991886.11,Actual,Avg. Selling Price
2023-12-31 00:00:00.000,1212901.72,Actual,Avg. Selling Price
2024-01-31 00:00:00.000,943557.59,Actual,Avg. Selling Price
2024-02-29 00:00:00.000,967697.62,Actual,Avg. Selling Price
2024-03-31 00:00:00.000,980823.25,Actual,Avg. Selling Price
2024-04-30 00:00:00.000,952847.66,Actual,Avg. Selling Price
2024-05-31 00:00:00.000,982573.86,Actual,Avg. Selling Price
2024-06-30 00:00:00.000,974000.8,Actual,Avg. Selling Price
2024-07-31 00:00:00.000,990896.03,Actual,Avg. Selling Price
2024-08-31 00:00:00.000,979162.94,Actual,Avg. Selling Price
2024-09-30 00:00:00.000,931274.14,Actual,Avg. Selling Price
2024-10-31 00:00:00.000,967134.8,Actual,Avg. Selling Price
2024-11-30 00:00:00.000,985822.01,Actual,Avg. Selling Price
2024-12-31 00:00:00.000,1104668.58,Actual,Avg. Selling Price
2025-01-31 00:00:00.000,950167.6,Actual,Avg. Selling Price
2022-01-31 00:00:00.000,987689.59,Forecast,Avg. Selling Price
2022-02-28 00:00:00.000,1090759.34,Forecast,Avg. Selling Price
2022-03-31 00:00:00.000,1310235.27,Forecast,Avg. Selling Price
2022-04-30 00:00:00.000,1347093.3,Forecast,Avg. Selling Price
2022-05-31 00:00:00.000,1315636.42,Forecast,Avg. Selling Price
2022-06-30 00:00:00.000,1339266.36,Forecast,Avg. Selling Price
2022-07-31 00:00:00.000,1408408.33,Forecast,Avg. Selling Price
2022-08-31 00:00:00.000,1420309.82,Forecast,Avg. Selling Price
2022-09-30 00:00:00.000,1375276.83,Forecast,Avg. Selling Price
2022-10-31 00:00:00.000,1466392.14,Forecast,Avg. Selling Price
2022-11-30 00:00:00.000,1351918.48,Forecast,Avg. Selling Price
2022-12-31 00:00:00.000,1337003.44,Forecast,Avg. Selling Price
2023-01-31 00:00:00.000,1167002.46,Forecast,Avg. Selling Price
2023-02-28 00:00:00.000,1067303.2,Forecast,Avg. Selling Price
2023-03-31 00:00:00.000,1105746.17,Forecast,Avg. Selling Price
2023-04-30 00:00:00.000,1071362.46,Forecast,Avg. Selling Price
2023-05-31 00:00:00.000,983358.05,Forecast,Avg. Selling Price
2023-06-30 00:00:00.000,948898.99,Forecast,Avg. Selling Price
2023-07-31 00:00:00.000,944325.1,Forecast,Avg. Selling Price
2023-08-31 00:00:00.000,964111.7,Forecast,Avg. Selling Price
2023-09-30 00:00:00.000,924667.59,Forecast,Avg. Selling Price
2023-10-31 00:00:00.000,1016125.88,Forecast,Avg. Selling Price
2023-11-30 00:00:00.000,970821.77,Forecast,Avg. Selling Price
2023-12-31 00:00:00.000,1074865.4,Forecast,Avg. Selling Price
2024-01-31 00:00:00.000,956615.34,Forecast,Avg. Selling Price
2024-02-29 00:00:00.000,922937.2,Forecast,Avg. Selling Price
2024-03-31 00:00:00.000,1040366.03,Forecast,Avg. Selling Price
2024-04-30 00:00:00.000,999779.17,Forecast,Avg. Selling Price
2024-05-31 00:00:00.000,961247.01,Forecast,Avg. Selling Price
2024-06-30 00:00:00.000,986358.36,Forecast,Avg. Selling Price
2024-07-31 00:00:00.000,976497.62,Forecast,Avg. Selling Price
2024-08-31 00:00:00.000,977806.78,Forecast,Avg. Selling Price
2024-09-30 00:00:00.000,937684.07,Forecast,Avg. Selling Price
2024-10-31 00:00:00.000,1027712.95,Forecast,Avg. Selling Price
2024-11-30 00:00:00.000,978334.89,Forecast,Avg. Selling Price
2024-12-31 00:00:00.000,1044999.39,Forecast,Avg. Selling Price
2025-01-31 00:00:00.000,965764.7,Forecast,Avg. Selling Price
2025-02-01 00:00:00.000,968079.25,Forecast,Avg. Selling Price
2025-03-01 00:00:00.000,930277.0,Forecast,Avg. Selling Price
2025-04-01 00:00:00.000,1012541.91,Forecast,Avg. Selling Price
2025-05-01 00:00:00.000,1018870.06,Forecast,Avg. Selling Price
2025-06-01 00:00:00.000,1013802.22,Forecast,Avg. Selling Price
2025-07-01 00:00:00.000,970030.21,Forecast,Avg. Selling Price
2025-08-01 00:00:00.000,999978.83,Forecast,Avg. Selling Price
2025-09-01 00:00:00.000,1014249.01,Forecast,Avg. Selling Price
2025-10-01 00:00:00.000,981170.25,Forecast,Avg. Selling Price
2025-11-01 00:00:00.000,1061187.49,Forecast,Avg. Selling Price
2025-12-01 00:00:00.000,1013905.92,Forecast,Avg. Selling Price
2026-01-01 00:00:00.000,1081327.56,Forecast,Avg. Selling Price
2022-01-31 00:00:00.000,777962.82,Actual,Avg. Selling Price Domestic
2022-02-28 00:00:00.000,754704.81,Actual,Avg. Selling Price Domestic
2022-03-31 00:00:00.000,782620.39,Actual,Avg. Selling Price Domestic
2022-04-30 00:00:00.000,918322.94,Actual,Avg. Selling Price Domestic
2022-05-31 00:00:00.000,784225.32,Actual,Avg. Selling Price Domestic
2022-06-30 00:00:00.000,798864.42,Actual,Avg. Selling Price Domestic
2022-07-31 00:00:00.000,1010116.57,Actual,Avg. Selling Price Domestic
2022-08-31 00:00:00.000,790729.89,Actual,Avg. Selling Price Domestic
2022-09-30 00:00:00.000,787640.8,Actual,Avg. Selling Price Domestic
2022-10-31 00:00:00.000,785098.65,Actual,Avg. Selling Price Domestic
2022-11-30 00:00:00.000,822040.76,Actual,Avg. Selling Price Domestic
2022-12-31 00:00:00.000,908970.34,Actual,Avg. Selling Price Domestic
2023-01-31 00:00:00.000,784671.54,Actual,Avg. Selling Price Domestic
2023-02-28 00:00:00.000,783259.54,Actual,Avg. Selling Price Domestic
2023-03-31 00:00:00.000,764892.56,Actual,Avg. Selling Price Domestic
2023-04-30 00:00:00.000,790785.59,Actual,Avg. Selling Price Domestic
2023-05-31 00:00:00.000,786885.54,Actual,Avg. Selling Price Domestic
2023-06-30 00:00:00.000,784368.44,Actual,Avg. Selling Price Domestic
2023-07-31 00:00:00.000,739776.94,Actual,Avg. Selling Price Domestic
2023-08-31 00:00:00.000,756061.88,Actual,Avg. Selling Price Domestic
2023-09-30 00:00:00.000,736588.5,Actual,Avg. Selling Price Domestic
2023-10-31 00:00:00.000,750665.39,Actual,Avg. Selling Price Domestic
2023-11-30 00:00:00.000,751213.2,Actual,Avg. Selling Price Domestic
2023-12-31 00:00:00.000,1128536.46,Actual,Avg. Selling Price Domestic
2024-01-31 00:00:00.000,802335.09,Actual,Avg. Selling Price Domestic
2024-02-29 00:00:00.000,761575.51,Actual,Avg. Selling Price Domestic
2024-03-31 00:00:00.000,781168.13,Actual,Avg. Selling Price Domestic
2024-04-30 00:00:00.000,786049.9,Actual,Avg. Selling Price Domestic
2024-05-31 00:00:00.000,767472.22,Actual,Avg. Selling Price Domestic
2024-06-30 00:00:00.000,777137.61,Actual,Avg. Selling Price Domestic
2024-07-31 00:00:00.000,761279.89,Actual,Avg. Selling Price Domestic
2024-08-31 00:00:00.000,768877.81,Actual,Avg. Selling Price Domestic
2024-09-30 00:00:00.000,762852.94,Actual,Avg. Selling Price Domestic
2024-10-31 00:00:00.000,793047.58,Actual,Avg. Selling Price Domestic
2024-11-30 00:00:00.000,795617.55,Actual,Avg. Selling Price Domestic
2024-12-31 00:00:00.000,1017623.55,Actual,Avg. Selling Price Domestic
2025-01-31 00:00:00.000,769437.29,Actual,Avg. Selling Price Domestic
2022-01-31 00:00:00.000,801380.67,Forecast,Avg. Selling Price Domestic
2022-02-28 00:00:00.000,785433.61,Forecast,Avg. Selling Price Domestic
2022-03-31 00:00:00.000,798518.0,Forecast,Avg. Selling Price Domestic
2022-04-30 00:00:00.000,845963.51,Forecast,Avg. Selling Price Domestic
2022-05-31 00:00:00.000,820526.54,Forecast,Avg. Selling Price Domestic
2022-06-30 00:00:00.000,809665.48,Forecast,Avg. Selling Price Domestic
2022-07-31 00:00:00.000,887389.69,Forecast,Avg. Selling Price Domestic
2022-08-31 00:00:00.000,800607.5,Forecast,Avg. Selling Price Domestic
2022-09-30 00:00:00.000,791945.89,Forecast,Avg. Selling Price Domestic
2022-10-31 00:00:00.000,776769.97,Forecast,Avg. Selling Price Domestic
2022-11-30 00:00:00.000,798531.28,Forecast,Avg. Selling Price Domestic
2022-12-31 00:00:00.000,942485.1,Forecast,Avg. Selling Price Domestic
2023-01-31 00:00:00.000,779918.9,Forecast,Avg. Selling Price Domestic
2023-02-28 00:00:00.000,781744.46,Forecast,Avg. Selling Price Domestic
2023-03-31 00:00:00.000,767506.9,Forecast,Avg. Selling Price Domestic
2023-04-30 00:00:00.000,846154.93,Forecast,Avg. Selling Price Domestic
2023-05-31 00:00:00.000,776989.81,Forecast,Avg. Selling Price Domestic
2023-06-30 00:00:00.000,772942.47,Forecast,Avg. Selling Price Domestic
2023-07-31 00:00:00.000,791793.62,Forecast,Avg. Selling Price Domestic
2023-08-31 00:00:00.000,763598.34,Forecast,Avg. Selling Price Domestic
2023-09-30 00:00:00.000,766697.06,Forecast,Avg. Selling Price Domestic
2023-10-31 00:00:00.000,779149.34,Forecast,Avg. Selling Price Domestic
2023-11-30 00:00:00.000,775218.74,Forecast,Avg. Selling Price Domestic
2023-12-31 00:00:00.000,971788.82,Forecast,Avg. Selling Price Domestic
2024-01-31 00:00:00.000,779331.42,Forecast,Avg. Selling Price Domestic
2024-02-29 00:00:00.000,759300.28,Forecast,Avg. Selling Price Domestic
2024-03-31 00:00:00.000,804791.57,Forecast,Avg. Selling Price Domestic
2024-04-30 00:00:00.000,807076.02,Forecast,Avg. Selling Price Domestic
2024-05-31 00:00:00.000,780868.81,Forecast,Avg. Selling Price Domestic
2024-06-30 00:00:00.000,819491.54,Forecast,Avg. Selling Price Domestic
2024-07-31 00:00:00.000,819822.41,Forecast,Avg. Selling Price Domestic
2024-08-31 00:00:00.000,783710.16,Forecast,Avg. Selling Price Domestic
2024-09-30 00:00:00.000,755328.82,Forecast,Avg. Selling Price Domestic
2024-10-31 00:00:00.000,775980.88,Forecast,Avg. Selling Price Domestic
2024-11-30 00:00:00.000,787640.83,Forecast,Avg. Selling Price Domestic
2024-12-31 00:00:00.000,938687.01,Forecast,Avg. Selling Price Domestic
2025-01-31 00:00:00.000,781278.73,Forecast,Avg. Selling Price Domestic
2025-02-01 00:00:00.000,792627.61,Forecast,Avg. Selling Price Domestic
2025-03-01 00:00:00.000,772020.68,Forecast,Avg. Selling Price Domestic
2025-04-01 00:00:00.000,768328.53,Forecast,Avg. Selling Price Domestic
2025-05-01 00:00:00.000,798010.39,Forecast,Avg. Selling Price Domestic
2025-06-01 00:00:00.000,821308.64,Forecast,Avg. Selling Price Domestic
2025-07-01 00:00:00.000,782967.63,Forecast,Avg. Selling Price Domestic
2025-08-01 00:00:00.000,817429.19,Forecast,Avg. Selling Price Domestic
2025-09-01 00:00:00.000,761665.64,Forecast,Avg. Selling Price Domestic
2025-10-01 00:00:00.000,771158.7,Forecast,Avg. Selling Price Domestic
2025-11-01 00:00:00.000,778092.52,Forecast,Avg. Selling Price Domestic
2025-12-01 00:00:00.000,756666.06,Forecast,Avg. Selling Price Domestic
2026-01-01 00:00:00.000,915713.87,Forecast,Avg. Selling Price Domestic
2022-01-31 00:00:00.000,1700916.45,Actual,Avg. Selling Price Export
2022-02-28 00:00:00.000,1770779.41,Actual,Avg. Selling Price Export
2022-03-31 00:00:00.000,2096535.74,Actual,Avg. Selling Price Export
2022-04-30 00:00:00.000,2215393.21,Actual,Avg. Selling Price Export
2022-05-31 00:00:00.000,2066416.17,Actual,Avg. Selling Price Export
2022-06-30 00:00:00.000,2072909.63,Actual,Avg. Selling Price Export
2022-07-31 00:00:00.000,2199046.36,Actual,Avg. Selling Price Export
2022-08-31 00:00:00.000,2372036.75,Actual,Avg. Selling Price Export
2022-09-30 00:00:00.000,1854725.7,Actual,Avg. Selling Price Export
2022-10-31 00:00:00.000,2431769.18,Actual,Avg. Selling Price Export
2022-11-30 00:00:00.000,2197910.23,Actual,Avg. Selling Price Export
2022-12-31 00:00:00.000,1751599.42,Actual,Avg. Selling Price Export
2023-01-31 00:00:00.000,1831040.36,Actual,Avg. Selling Price Export
2023-02-28 00:00:00.000,1623757.43,Actual,Avg. Selling Price Export
2023-03-31 00:00:00.000,1415245.73,Actual,Avg. Selling Price Export
2023-04-30 00:00:00.000,1389122.09,Actual,Avg. Selling Price Export
2023-05-31 00:00:00.000,1362773.67,Actual,Avg. Selling Price Export
2023-06-30 00:00:00.000,1311581.45,Actual,Avg. Selling Price Export
2023-07-31 00:00:00.000,1044021.68,Actual,Avg. Selling Price Export
2023-08-31 00:00:00.000,1142755.56,Actual,Avg. Selling Price Export
2023-09-30 00:00:00.000,1225825.47,Actual,Avg. Selling Price Export
2023-10-31 00:00:00.000,1337046.0,Actual,Avg. Selling Price Export
2023-11-30 00:00:00.000,1347042.43,Actual,Avg. Selling Price Export
2023-12-31 00:00:00.000,1301916.39,Actual,Avg. Selling Price Export
2024-01-31 00:00:00.000,1239080.65,Actual,Avg. Selling Price Export
2024-02-29 00:00:00.000,1216780.53,Actual,Avg. Selling Price Export
2024-03-31 00:00:00.000,1269914.13,Actual,Avg. Selling Price Export
2024-04-30 00:00:00.000,1240801.7,Actual,Avg. Selling Price Export
2024-05-31 00:00:00.000,1186480.32,Actual,Avg. Selling Price Export
2024-06-30 00:00:00.000,1200042.88,Actual,Avg. Selling Price Export
2024-07-31 00:00:00.000,1191562.53,Actual,Avg. Selling Price Export
2024-08-31 00:00:00.000,1166552.2,Actual,Avg. Selling Price Export
2024-09-30 00:00:00.000,1106390.71,Actual,Avg. Selling Price Export
2024-10-31 00:00:00.000,1137014.76,Actual,Avg. Selling Price Export
2024-11-30 00:00:00.000,1156874.95,Actual,Avg. Selling Price Export
2024-12-31 00:00:00.000,1189148.35,Actual,Avg. Selling Price Export
2025-01-31 00:00:00.000,1156008.52,Actual,Avg. Selling Price Export
2022-01-31 00:00:00.000,1706610.21,Forecast,Avg. Selling Price Export
2022-02-28 00:00:00.000,1835545.0,Forecast,Avg. Selling Price Export
2022-03-31 00:00:00.000,2026043.37,Forecast,Avg. Selling Price Export
2022-04-30 00:00:00.000,2147772.31,Forecast,Avg. Selling Price Export
2022-05-31 00:00:00.000,2133041.27,Forecast,Avg. Selling Price Export
2022-06-30 00:00:00.000,2135785.44,Forecast,Avg. Selling Price Export
2022-07-31 00:00:00.000,2143596.43,Forecast,Avg. Selling Price Export
2022-08-31 00:00:00.000,2265612.45,Forecast,Avg. Selling Price Export
2022-09-30 00:00:00.000,2051292.82,Forecast,Avg. Selling Price Export
2022-10-31 00:00:00.000,2286807.5,Forecast,Avg. Selling Price Export
2022-11-30 00:00:00.000,2155762.04,Forecast,Avg. Selling Price Export
2022-12-31 00:00:00.000,1869747.04,Forecast,Avg. Selling Price Export
2023-01-31 00:00:00.000,1786900.17,Forecast,Avg. Selling Price Export
2023-02-28 00:00:00.000,1605052.35,Forecast,Avg. Selling Price Export
2023-03-31 00:00:00.000,1473517.88,Forecast,Avg. Selling Price Export
2023-04-30 00:00:00.000,1412522.68,Forecast,Avg. Selling Price Export
2023-05-31 00:00:00.000,1341533.28,Forecast,Avg. Selling Price Export
2023-06-30 00:00:00.000,1215493.41,Forecast,Avg. Selling Price Export
2023-07-31 00:00:00.000,1143323.58,Forecast,Avg. Selling Price Export
2023-08-31 00:00:00.000,1209203.91,Forecast,Avg. Selling Price Export
2023-09-30 00:00:00.000,1132490.17,Forecast,Avg. Selling Price Export
2023-10-31 00:00:00.000,1351549.49,Forecast,Avg. Selling Price Export
2023-11-30 00:00:00.000,1311986.79,Forecast,Avg. Selling Price Export
2023-12-31 00:00:00.000,1259149.64,Forecast,Avg. Selling Price Export
2024-01-31 00:00:00.000,1302501.05,Forecast,Avg. Selling Price Export
2024-02-29 00:00:00.000,1189290.55,Forecast,Avg. Selling Price Export
2024-03-31 00:00:00.000,1268392.14,Forecast,Avg. Selling Price Export
2024-04-30 00:00:00.000,1263120.31,Forecast,Avg. Selling Price Export
2024-05-31 00:00:00.000,1151354.47,Forecast,Avg. Selling Price Export
2024-06-30 00:00:00.000,1229198.49,Forecast,Avg. Selling Price Export
2024-07-31 00:00:00.000,1184679.04,Forecast,Avg. Selling Price Export
2024-08-31 00:00:00.000,1191422.21,Forecast,Avg. Selling Price Export
2024-09-30 00:00:00.000,1070008.09,Forecast,Avg. Selling Price Export
2024-10-31 00:00:00.000,1211428.21,Forecast,Avg. Selling Price Export
2024-11-30 00:00:00.000,1198030.12,Forecast,Avg. Selling Price Export
2024-12-31 00:00:00.000,1134032.14,Forecast,Avg. Selling Price Export
2025-01-31 00:00:00.000,1125246.91,Forecast,Avg. Selling Price Export
2025-02-01 00:00:00.000,1164722.65,Forecast,Avg. Selling Price Export
2025-03-01 00:00:00.000,1098433.23,Forecast,Avg. Selling Price Export
2025-04-01 00:00:00.000,1166529.24,Forecast,Avg. Selling Price Export
2025-05-01 00:00:00.000,1140634.12,Forecast,Avg. Selling Price Export
2025-06-01 00:00:00.000,1148685.33,Forecast,Avg. Selling Price Export
2025-07-01 00:00:00.000,1150513.02,Forecast,Avg. Selling Price Export
2025-08-01 00:00:00.000,1039095.66,Forecast,Avg. Selling Price Export
2025-09-01 00:00:00.000,1148036.24,Forecast,Avg. Selling Price Export
2025-10-01 00:00:00.000,1054503.22,Forecast,Avg. Selling Price Export
2025-11-01 00:00:00.000,1156312.09,Forecast,Avg. Selling Price Export
2025-12-01 00:00:00.000,1142294.09,Forecast,Avg. Selling Price Export
2026-01-01 00:00:00.000,1008742.6,Forecast,Avg. Selling Price Export
2025-03-10 08:42:38.730,0.0,Actual,Last Update
